{
    "accuracy": 0.8765096954342307,
    "f1_score": 0.8777462129280033,
    "classification_report": {
        "0": {
            "precision": 0.4557976973684211,
            "recall": 0.6582541567695962,
            "f1-score": 0.5386297376093294,
            "support": 3368.0
        },
        "1": {
            "precision": 0.9308006544015748,
            "recall": 0.9185249911482577,
            "f1-score": 0.9246220803808789,
            "support": 307849.0
        },
        "2": {
            "precision": 0.7138303810111336,
            "recall": 0.7480567057121308,
            "f1-score": 0.7305428826973521,
            "support": 64967.0
        },
        "3": {
            "precision": 0.528397356464271,
            "recall": 0.4999511480214949,
            "f1-score": 0.5137808122897736,
            "support": 10235.0
        },
        "accuracy": 0.8765096954342307,
        "macro avg": {
            "precision": 0.6572065223113501,
            "recall": 0.7061967504128699,
            "f1-score": 0.6768938782443334,
            "support": 386419.0
        },
        "weighted avg": {
            "precision": 0.8795238914446997,
            "recall": 0.8765096954342307,
            "f1-score": 0.8777462129280033,
            "support": 386419.0
        }
    }
}